{"cameraMode":{"drawMode":0,"name":"Shaded","section":"Shading Mode"},"sceneLighting":false,"audioPlay":false,"sceneViewState":{"m_AlwaysRefresh":false,"showFog":true,"showSkybox":false,"showFlares":true,"showImageEffects":true,"showParticleSystems":true,"showVisualEffectGraphs":true,"m_FxEnabled":true},"in2DMode":false,"pivot":{"x":2.2489914894104006,"y":-0.18230709433555604,"z":-0.4689037799835205},"rotation":{"x":0.0018181419000029564,"y":-0.9980870485305786,"z":0.03625611588358879,"w":0.05005281791090965},"size":1.6736314296722413,"orthographic":false}