{"cameraMode":{"drawMode":0,"name":"Shaded","section":"Shading Mode"},"sceneLighting":false,"audioPlay":false,"sceneViewState":{"m_AlwaysRefresh":false,"showFog":true,"showSkybox":false,"showFlares":true,"showImageEffects":true,"showParticleSystems":true,"showVisualEffectGraphs":true,"m_FxEnabled":true},"in2DMode":false,"pivot":{"x":-0.1832835078239441,"y":0.1592721939086914,"z":0.25200581550598147},"rotation":{"x":-0.1423114538192749,"y":-0.8576396703720093,"z":0.35435259342193606,"w":-0.3444364070892334},"size":1.0108928680419922,"orthographic":false}