{"cameraMode":{"drawMode":0,"name":"Shaded","section":"Shading Mode"},"sceneLighting":false,"audioPlay":false,"sceneViewState":{"m_AlwaysRefresh":false,"showFog":true,"showSkybox":false,"showFlares":true,"showImageEffects":true,"showParticleSystems":true,"showVisualEffectGraphs":true,"m_FxEnabled":true},"in2DMode":false,"pivot":{"x":-0.052713871002197269,"y":0.19854795932769776,"z":-0.18221229314804078},"rotation":{"x":-0.1423114538192749,"y":-0.8576396703720093,"z":0.35435259342193606,"w":-0.3444364070892334},"size":2.3775742053985597,"orthographic":false}