{"cameraMode":{"drawMode":0,"name":"Shaded","section":"Shading Mode"},"sceneLighting":true,"audioPlay":false,"sceneViewState":{"m_AlwaysRefresh":false,"showFog":true,"showSkybox":true,"showFlares":true,"showImageEffects":true,"showParticleSystems":true,"showVisualEffectGraphs":true,"m_FxEnabled":true},"in2DMode":false,"pivot":{"x":-2.5622506141662599,"y":-1.0040167570114136,"z":4.64121150970459},"rotation":{"x":0.040798019617795947,"y":0.004491240717470646,"z":-0.00018333378829993308,"w":0.9991585612297058},"size":6.879449844360352,"orthographic":false}