{"cameraMode":{"drawMode":0,"name":"Shaded","section":"Shading Mode"},"sceneLighting":true,"audioPlay":false,"sceneViewState":{"showFog":true,"showMaterialUpdate":false,"showSkybox":true,"showFlares":true,"showImageEffects":true,"showParticleSystems":true,"showVisualEffectGraphs":true,"m_FxEnabled":true},"in2DMode":false,"pivot":{"x":82.49075317382813,"y":-1.0522007942199708,"z":-25.794700622558595},"rotation":{"x":0.08715612441301346,"y":-0.03137977048754692,"z":0.0027535760309547188,"w":0.9957101941108704},"size":4.741672515869141,"orthographic":false}