{"cameraMode":{"drawMode":0,"name":"Shaded","section":"Shading Mode"},"sceneLighting":true,"audioPlay":false,"sceneViewState":{"showFog":true,"showMaterialUpdate":false,"showSkybox":true,"showFlares":true,"showImageEffects":true,"showParticleSystems":true,"showVisualEffectGraphs":true,"m_FxEnabled":true},"in2DMode":false,"pivot":{"x":26.334667205810548,"y":0.5520474910736084,"z":-5.470044136047363},"rotation":{"x":0.02730618230998516,"y":-0.003003867343068123,"z":0.00008372774027520791,"w":0.9996350407600403},"size":10.436684608459473,"orthographic":false}