{"cameraMode":{"drawMode":0,"name":"Shaded","section":"Shading Mode"},"sceneLighting":false,"audioPlay":false,"sceneViewState":{"m_AlwaysRefresh":false,"showFog":true,"showSkybox":false,"showFlares":true,"showImageEffects":true,"showParticleSystems":true,"showVisualEffectGraphs":true,"m_FxEnabled":true},"in2DMode":false,"pivot":{"x":-3.0573043823242189,"y":0.772556722164154,"z":4.461301803588867},"rotation":{"x":-0.003816974116489291,"y":-0.9355272054672241,"z":0.010113079100847245,"w":-0.35308951139450076},"size":0.027332356199622155,"orthographic":false}