{"cameraMode":{"drawMode":0,"name":"Shaded","section":"Shading Mode"},"sceneLighting":false,"audioPlay":false,"sceneViewState":{"m_AlwaysRefresh":false,"showFog":true,"showSkybox":false,"showFlares":true,"showImageEffects":true,"showParticleSystems":true,"showVisualEffectGraphs":true,"m_FxEnabled":true},"in2DMode":false,"pivot":{"x":0.16371333599090577,"y":0.019636958837509157,"z":0.04236854612827301},"rotation":{"x":-0.003816974116489291,"y":-0.9355272054672241,"z":0.010113079100847245,"w":-0.35308951139450076},"size":2.764442205429077,"orthographic":false}