{"cameraMode":{"drawMode":0,"name":"Shaded","section":"Shading Mode"},"sceneLighting":true,"audioPlay":false,"sceneViewState":{"showFog":true,"showMaterialUpdate":false,"showSkybox":true,"showFlares":true,"showImageEffects":true,"showParticleSystems":true,"showVisualEffectGraphs":true,"m_FxEnabled":true},"in2DMode":false,"pivot":{"x":11.209650039672852,"y":-3.797093152999878,"z":-0.15019404888153077},"rotation":{"x":-0.05424894765019417,"y":-0.03534337133169174,"z":0.0019213054329156876,"w":-0.9979000687599182},"size":7.563998699188232,"orthographic":false}