{"cameraMode":{"drawMode":0,"name":"Shaded","section":"Shading Mode"},"sceneLighting":true,"audioPlay":false,"sceneViewState":{"m_AlwaysRefresh":false,"showFog":true,"showSkybox":true,"showFlares":true,"showImageEffects":true,"showParticleSystems":true,"showVisualEffectGraphs":true,"m_FxEnabled":true},"in2DMode":false,"pivot":{"x":-0.0003352165222167969,"y":-0.03172070533037186,"z":0.027699105441570283},"rotation":{"x":-0.008795390836894513,"y":-0.32771897315979006,"z":0.0030509622301906349,"w":-0.9447299838066101},"size":0.2564385235309601,"orthographic":false}