{"cameraMode":{"drawMode":0,"name":"Shaded","section":"Shading Mode"},"sceneLighting":true,"audioPlay":false,"sceneViewState":{"showFog":true,"showMaterialUpdate":false,"showSkybox":true,"showFlares":true,"showImageEffects":true,"showParticleSystems":true,"showVisualEffectGraphs":true,"m_FxEnabled":true},"in2DMode":false,"pivot":{"x":0.02332495152950287,"y":0.26281166076660159,"z":0.027069091796875},"rotation":{"x":-0.05424894765019417,"y":-0.03534337133169174,"z":0.0019213054329156876,"w":-0.9979000687599182},"size":0.37671440839767458,"orthographic":false}