{"cameraMode":{"drawMode":0,"name":"Shaded","section":"Shading Mode"},"sceneLighting":true,"audioPlay":false,"sceneViewState":{"showFog":true,"showMaterialUpdate":false,"showSkybox":true,"showFlares":true,"showImageEffects":true,"showParticleSystems":true,"showVisualEffectGraphs":true,"m_FxEnabled":true},"in2DMode":false,"pivot":{"x":0.15874239802360536,"y":-0.06502717733383179,"z":1.015119194984436},"rotation":{"x":-0.04527254030108452,"y":-0.030866051092743875,"z":0.001399505534209311,"w":-0.9984970688819885},"size":1.7923474311828614,"orthographic":false}