{"cameraMode":{"drawMode":0,"name":"Shaded","section":"Shading Mode"},"sceneLighting":false,"audioPlay":false,"sceneViewState":{"showFog":true,"showMaterialUpdate":false,"showSkybox":false,"showFlares":true,"showImageEffects":true,"showParticleSystems":true,"showVisualEffectGraphs":true,"m_FxEnabled":true},"in2DMode":false,"pivot":{"x":0.002663731575012207,"y":-0.1627110242843628,"z":0.011963725090026856},"rotation":{"x":0.06416186690330506,"y":-0.1357976347208023,"z":0.008816507644951344,"w":0.9886309504508972},"size":1.4683057069778443,"orthographic":false}