{"cameraMode":{"drawMode":0,"name":"Shaded","section":"Shading Mode"},"sceneLighting":false,"audioPlay":false,"sceneViewState":{"m_AlwaysRefresh":false,"showFog":true,"showSkybox":false,"showFlares":true,"showImageEffects":true,"showParticleSystems":true,"showVisualEffectGraphs":true,"m_FxEnabled":true},"in2DMode":false,"pivot":{"x":-0.5652133226394653,"y":-0.00037091970443725586,"z":1.4011014699935914},"rotation":{"x":-0.03355615213513374,"y":-0.9597133994102478,"z":0.13065700232982636,"w":-0.24648012220859528},"size":1.1567950248718262,"orthographic":false}