{"cameraMode":{"drawMode":0,"name":"Shaded","section":"Shading Mode"},"sceneLighting":false,"audioPlay":false,"sceneViewState":{"m_AlwaysRefresh":false,"showFog":true,"showSkybox":false,"showFlares":true,"showImageEffects":true,"showParticleSystems":true,"showVisualEffectGraphs":true,"m_FxEnabled":true},"in2DMode":false,"pivot":{"x":-2.523365020751953,"y":-0.04949021339416504,"z":2.0520782470703127},"rotation":{"x":-0.05219282954931259,"y":-0.2744152843952179,"z":0.01491799671202898,"w":-0.9600777626037598},"size":2.5332114696502687,"orthographic":false}